<?xml version="1.0" encoding="UTF-8"?>
<!DOCTYPE suite SYSTEM "http://testng.org/testng-1.0.dtd">
<suite parallel="methods" thread-count="2" name="All Test Suite">
    <test verbose="2" preserve-order="true" name="C:/UCSC/march2024_day05">
        <parameter name="browser" value="edge"></parameter>
        <classes>
            <class name="com.ucsc.automationcc.pom.tests.Ebay">
                <methods>
                    <include name="mobileSearch"/>
                    <include name="partyDressSearch"/>
                </methods>
            </class>
        </classes>
    </test>
</suite>